App,Reviews,Size
Photo Editor & Candy Camera,159,19M
Coloring book moana,967,14M
U Launcher Lite,87510,8.7M
Sketch - Draw & Paint,215644,25M
Pixel Draw - Number Art,967,2.8M
Paper flowers instructions,167,5.6M
Smoke Effect Photo Maker,178,19M
Infinite Painter,36815,29M
Garden Coloring Book,13791,33M
Kids Paint Free,121,3.1M
Text on Photo - Fonteee,13880,28M
Name Art Photo Editor,8788,12M
Tattoo Name On My Photo,44829,20M
Mandala Coloring Book,4326,21M
3D Color Pixel by Number,1518,37M
Learn To Draw Kawaii Characters,55,2.7M
Photo Designer - Write your name,3632,5.5M
350 Diy Room Decor Ideas,27,17M
FlipaClip - Cartoon animation,194216,39M
ibis Paint X,224399,31M
Superheroes Wallpapers,21045,Varies with device
Flashlight Mini,3421,201k
