listing_id,listed_on,zip,bedrooms,sqft,rent,distance_to_campus_m,days_on_market,description,pet_deposit,rating,price_change
L100000,2026-01-01 00:00,15223,2.0,582.0,"$1,824",5464.0,11,"Bright 4-bedroom apartment on Liberty Ave, unit 92, close to buses, laundry in building, cats only.",,4.1,16.0
L100001,2026-01-01 07:00,15217,3.0,1050.0,"$1,413",3473.0,10,"Bright 3-bedroom apartment on Liberty Ave, unit 192, close to buses, laundry in building, no pets.",,3.7,12.0
L100002,2026-01-01 14:00,15206,1.0,407.0,"$1,663",2288.0,15,"Bright 2-bedroom apartment on Penn Ave, unit 85, close to buses, laundry in building, pets ok.",,4.2,23.0
L100003,2026-01-01 21:00,15201,1.0,986.0,"$1,464",2307.0,8,"Bright 2-bedroom apartment on Penn Ave, unit 171, close to buses, laundry in building, cats only.",200.0,4.5,25.0
L100004,2026-01-02 04:00,15206,2.0,456.0,"$1,162",919.0,20,"Bright 2-bedroom apartment on Liberty Ave, unit 14, close to buses, laundry in building, pets ok.",,3.9,16.0
L100005,2026-01-02 11:00,15223,3.0,85000.0,"$1,845",452.0,13,"Bright 3-bedroom apartment on Penn Ave, unit 196, close to buses, laundry in building, no pets.",,4.7,27.0
L100006,2026-01-02 18:00,15227,4.0,1011.0,"$1,085",6111.0,16,"Bright 1-bedroom apartment on Liberty Ave, unit 199, close to buses, laundry in building, pets ok.",,4.4,20.0
L100007,2026-01-03 01:00,15216,1.0,748.0,"$1,502",1040.0,12,"Bright 3-bedroom apartment on Liberty Ave, unit 300, close to buses, laundry in building, pets ok.",,4.0,19.0
L100008,2026-01-03 08:00,15213,2.0,651.0,"$2,095",4416.0,23,"Bright 3-bedroom apartment on Liberty Ave, unit 19, close to buses, laundry in building, cats only.",,4.2,21.0
L100009,2026-01-03 15:00,15232,3.0,739.0,"$1,063",688.0,9,"Bright 2-bedroom apartment on Forbes Ave, unit 14, close to buses, laundry in building, no pets.",300.0,4.0,12.0
L100010,2026-01-03 22:00,15208,0.0,966.0,"$1,478",2887.0,13,"Bright 3-bedroom apartment on Walnut St, unit 260, close to buses, laundry in building, no pets.",200.0,3.8,-40.0
L100011,2026-01-04 05:00,15210,2.0,836.0,$866,3259.0,9,"Bright 1-bedroom apartment on Walnut St, unit 387, close to buses, laundry in building, cats only.",,4.6,18.0
L100012,2026-01-04 12:00,15218,1.0,843.0,"$1,296",3211.0,7,"Bright 4-bedroom apartment on Liberty Ave, unit 108, close to buses, laundry in building, cats only.",,4.6,14.0
L100013,2026-01-04 19:00,15212,3.0,1114.0,$902,2101.0,11,"Bright 1-bedroom apartment on Forbes Ave, unit 369, close to buses, laundry in building, no pets.",,4.0,19.0
L100014,2026-01-05 02:00,15201,3.0,671.0,"$1,355",4520.0,11,"Bright 2-bedroom apartment on Craig St, unit 285, close to buses, laundry in building, cats only.",,4.1,19.0
L100015,2026-01-05 09:00,15206,2.0,732.0,"$1,285",561.0,14,"Bright 2-bedroom apartment on Walnut St, unit 288, close to buses, laundry in building, pets ok.",,4.1,7.0
L100016,2026-01-05 16:00,15220,0.0,719.0,"$1,553",5489.0,9,"Bright 2-bedroom apartment on Liberty Ave, unit 177, close to buses, laundry in building, cats only.",,4.5,15.0
L100017,2026-01-05 23:00,15221,0.0,1142.0,"$2,134",5314.0,13,"Bright 4-bedroom apartment on Liberty Ave, unit 219, close to buses, laundry in building, no pets.",,4.8,22.0
L100018,2026-01-06 06:00,15213,1.0,1098.0,"$1,613",1396.0,10,"Bright 2-bedroom apartment on Liberty Ave, unit 335, close to buses, laundry in building, no pets.",200.0,3.9,8.0
L100019,2026-01-06 13:00,15232,3.0,1172.0,"$1,763",2481.0,9,"Bright 3-bedroom apartment on Murray Ave, unit 302, close to buses, laundry in building, cats only.",,4.3,18.0
L100020,2026-01-06 20:00,15210,1.0,842.0,"$1,480",2505.0,8,"Bright 1-bedroom apartment on Craig St, unit 160, close to buses, laundry in building, no pets.",,4.2,13.0
L100021,2026-01-07 03:00,15203,2.0,811.0,"$1,402",1087.0,15,"Bright 2-bedroom apartment on Forbes Ave, unit 324, close to buses, laundry in building, pets ok.",,4.4,10.0
L100022,2026-01-07 10:00,15227,1.0,1063.0,"$1,166",5628.0,14,"Bright 4-bedroom apartment on Forbes Ave, unit 55, close to buses, laundry in building, no pets.",300.0,4.8,25.0
L100023,2026-01-07 17:00,15215,1.0,751.0,$780,5192.0,4,"Bright 1-bedroom apartment on Penn Ave, unit 273, close to buses, laundry in building, cats only.",200.0,3.8,25.0
L100024,2026-01-08 00:00,15210,2.0,1058.0,"$1,527",3409.0,16,"Bright 1-bedroom apartment on Walnut St, unit 301, close to buses, laundry in building, pets ok.",200.0,3.4,17.0
L100025,2026-01-08 07:00,15210,1.0,1031.0,"$2,152",1865.0,12,"Bright 2-bedroom apartment on Penn Ave, unit 382, close to buses, laundry in building, pets ok.",300.0,4.1,17.0
L100026,2026-01-08 14:00,15219,1.0,675.0,"$1,691",1711.0,15,"Bright 1-bedroom apartment on Liberty Ave, unit 244, close to buses, laundry in building, pets ok.",,3.6,26.0
L100027,2026-01-08 21:00,15216,3.0,829.0,"$1,286",4162.0,11,"Bright 3-bedroom apartment on Liberty Ave, unit 136, close to buses, laundry in building, pets ok.",,4.9,25.0
L100028,2026-01-09 04:00,15206,2.0,820.0,"$2,160",3446.0,10,"Bright 4-bedroom apartment on Liberty Ave, unit 187, close to buses, laundry in building, no pets.",,3.9,19.0
L100029,2026-01-09 11:00,15221,3.0,1283.0,"$1,327",2683.0,13,"Bright 3-bedroom apartment on Walnut St, unit 320, close to buses, laundry in building, no pets.",,4.1,24.0
L100030,2026-01-09 18:00,15221,2.0,1497.0,"$1,252",4770.0,13,"Bright 4-bedroom apartment on Penn Ave, unit 37, close to buses, laundry in building, cats only.",,4.3,20.0
L100031,2026-01-10 01:00,15235,1.0,825.0,"$1,015",555.0,13,"Bright 3-bedroom apartment on Penn Ave, unit 14, close to buses, laundry in building, pets ok.",,4.3,18.0
L100032,2026-01-10 08:00,15223,1.0,854.0,"$1,115",6114.0,13,"Bright 1-bedroom apartment on Craig St, unit 218, close to buses, laundry in building, pets ok.",200.0,4.0,22.0
L100033,2026-01-10 15:00,15224,3.0,280.0,"$1,401",2578.0,21,"Bright 2-bedroom apartment on Forbes Ave, unit 334, close to buses, laundry in building, pets ok.",,4.2,17.0
L100034,2026-01-10 22:00,15208,2.0,903.0,"$2,300",3562.0,11,"Bright 2-bedroom apartment on Walnut St, unit 43, close to buses, laundry in building, no pets.",,4.6,22.0
L100035,2026-01-11 05:00,15219,4.0,848.0,"$1,418",3618.0,11,"Bright 3-bedroom apartment on Liberty Ave, unit 398, close to buses, laundry in building, cats only.",,4.1,18.0
L100036,2026-01-11 12:00,15219,0.0,582.0,"$1,087",3954.0,16,"Bright 1-bedroom apartment on Murray Ave, unit 286, close to buses, laundry in building, pets ok.",200.0,4.9,17.0
L100037,2026-01-11 19:00,15220,1.0,1046.0,"$1,258",1278.0,16,"Bright 1-bedroom apartment on Walnut St, unit 16, close to buses, laundry in building, no pets.",300.0,4.3,16.0
L100038,2026-01-12 02:00,15227,3.0,459.0,"$1,411",4986.0,6,"Bright 1-bedroom apartment on Walnut St, unit 241, close to buses, laundry in building, pets ok.",,3.3,22.0
L100039,2026-01-12 09:00,15224,2.0,796.0,$815,2415.0,7,"Bright 2-bedroom apartment on Murray Ave, unit 317, close to buses, laundry in building, pets ok.",,4.6,24.0
L100040,2026-01-12 16:00,15233,2.0,885.0,"$1,551",1182.0,4,"Bright 1-bedroom apartment on Penn Ave, unit 341, close to buses, laundry in building, pets ok.",,3.5,21.0
L100041,2026-01-12 23:00,15213,2.0,538.0,"$1,780",4984.0,7,"Bright 3-bedroom apartment on Walnut St, unit 378, close to buses, laundry in building, cats only.",200.0,4.3,15.0
L100042,2026-01-13 06:00,15217,3.0,1064.0,"$1,628",4929.0,19,"Bright 2-bedroom apartment on Penn Ave, unit 182, close to buses, laundry in building, pets ok.",,5.1,22.0
L100043,2026-01-13 13:00,15235,2.0,1114.0,"$1,740",1785.0,9,"Bright 4-bedroom apartment on Murray Ave, unit 179, close to buses, laundry in building, pets ok.",,4.6,15.0
L100044,2026-01-13 20:00,15233,2.0,503.0,$984,2968.0,21,"Bright 3-bedroom apartment on Walnut St, unit 241, close to buses, laundry in building, cats only.",300.0,3.8,14.0
L100045,2026-01-14 03:00,15224,2.0,498.0,$821,2719.0,16,"Bright 4-bedroom apartment on Penn Ave, unit 347, close to buses, laundry in building, pets ok.",300.0,3.9,18.0
L100046,2026-01-14 10:00,15206,2.0,1001.0,"$2,014",1657.0,18,"Bright 3-bedroom apartment on Liberty Ave, unit 56, close to buses, laundry in building, pets ok.",200.0,4.2,23.0
L100047,2026-01-14 17:00,15224,1.0,842.0,"$1,938",2844.0,16,"Bright 3-bedroom apartment on Craig St, unit 394, close to buses, laundry in building, cats only.",,4.8,23.0
L100048,2026-01-15 00:00,15213,2.0,547.0,$884,2234.0,20,"Bright 4-bedroom apartment on Craig St, unit 89, close to buses, laundry in building, cats only.",,3.9,22.0
L100049,2026-01-15 07:00,15227,2.0,776.0,"$1,583",2827.0,8,"Bright 3-bedroom apartment on Walnut St, unit 164, close to buses, laundry in building, no pets.",,4.7,26.0
L100050,2026-01-15 14:00,15219,3.0,823.0,"$1,510",938.0,8,"Bright 1-bedroom apartment on Liberty Ave, unit 335, close to buses, laundry in building, no pets.",,4.3,-35.0
L100051,2026-01-15 21:00,15216,2.0,814.0,"$1,718",4891.0,10,"Bright 2-bedroom apartment on Forbes Ave, unit 190, close to buses, laundry in building, no pets.",,4.2,18.0
L100052,2026-01-16 04:00,15201,0.0,1057.0,"$1,583",6523.0,13,"Bright 3-bedroom apartment on Murray Ave, unit 228, close to buses, laundry in building, no pets.",300.0,4.1,23.0
L100053,2026-01-16 11:00,15212,2.0,946.0,"$1,299",3766.0,12,"Bright 2-bedroom apartment on Liberty Ave, unit 115, close to buses, laundry in building, pets ok.",200.0,4.9,18.0
L100054,2026-01-16 18:00,15222,3.0,1292.0,"$1,578",762.0,9,"Bright 2-bedroom apartment on Walnut St, unit 150, close to buses, laundry in building, cats only.",,3.6,21.0
L100055,2026-01-17 01:00,15223,2.0,1194.0,"$1,563",3663.0,11,"Bright 2-bedroom apartment on Penn Ave, unit 393, close to buses, laundry in building, pets ok.",200.0,3.8,22.0
L100056,2026-01-17 08:00,15212,2.0,1020.0,"$1,481",8441.0,14,"Bright 4-bedroom apartment on Walnut St, unit 221, close to buses, laundry in building, cats only.",300.0,4.6,19.0
L100057,2026-01-17 15:00,15213,1.0,1119.0,$759,1797.0,7,"Bright 4-bedroom apartment on Walnut St, unit 284, close to buses, laundry in building, no pets.",,4.6,12.0
L100058,2026-01-17 22:00,15201,1.0,1181.0,$302,1540.0,11,"Bright 3-bedroom apartment on Forbes Ave, unit 336, close to buses, laundry in building, pets ok.",,3.7,19.0
L100059,2026-01-18 05:00,15220,2.0,1026.0,"$1,184",709.0,9,"Bright 2-bedroom apartment on Liberty Ave, unit 372, close to buses, laundry in building, pets ok.",,3.8,18.0
L100060,2026-01-18 12:00,15215,0.0,544.0,$846,6829.0,18,"Bright 3-bedroom apartment on Liberty Ave, unit 266, close to buses, laundry in building, no pets.",,3.7,19.0
L100061,2026-01-18 19:00,15203,3.0,1065.0,"$1,601",3718.0,15,"Bright 1-bedroom apartment on Forbes Ave, unit 50, close to buses, laundry in building, pets ok.",300.0,4.4,17.0
L100062,2026-01-19 02:00,15201,3.0,868.0,"$1,786",4609.0,15,"Bright 2-bedroom apartment on Forbes Ave, unit 291, close to buses, laundry in building, no pets.",200.0,3.9,14.0
L100063,2026-01-19 09:00,15217,4.0,1255.0,"$1,605",1144.0,12,"Bright 4-bedroom apartment on Liberty Ave, unit 293, close to buses, laundry in building, cats only.",,4.8,12.0
L100064,2026-01-19 16:00,15218,1.0,873.0,"$1,352",2983.0,18,"Bright 1-bedroom apartment on Forbes Ave, unit 108, close to buses, laundry in building, cats only.",,4.5,23.0
L100065,2026-01-19 23:00,15219,1.0,981.0,"$1,528",2451.0,14,"Bright 2-bedroom apartment on Penn Ave, unit 237, close to buses, laundry in building, no pets.",,4.3,23.0
L100066,2026-01-20 06:00,15215,3.0,932.0,"$1,967",8955.0,14,"Bright 1-bedroom apartment on Craig St, unit 315, close to buses, laundry in building, pets ok.",,4.3,21.0
L100067,2026-01-20 13:00,15233,1.0,1270.0,"$1,208",815.0,11,"Bright 2-bedroom apartment on Craig St, unit 193, close to buses, laundry in building, pets ok.",300.0,4.4,19.0
L100068,2026-01-20 20:00,15233,1.0,894.0,"$1,869",3530.0,17,"Bright 2-bedroom apartment on Walnut St, unit 65, close to buses, laundry in building, no pets.",,4.5,29.0
L100069,2026-01-21 03:00,15222,1.0,783.0,"$1,783",3123.0,15,"Bright 4-bedroom apartment on Murray Ave, unit 389, close to buses, laundry in building, cats only.",,4.2,23.0
L100070,2026-01-21 10:00,15218,2.0,927.0,"$1,605",3725.0,11,"Bright 4-bedroom apartment on Liberty Ave, unit 27, close to buses, laundry in building, pets ok.",,4.3,20.0
L100071,2026-01-21 17:00,15218,1.0,740.0,"$2,081",4490.0,9,"Bright 1-bedroom apartment on Murray Ave, unit 244, close to buses, laundry in building, cats only.",200.0,4.5,24.0
L100072,2026-01-22 00:00,15201,2.0,891.0,"$1,213",1271.0,9,"Bright 2-bedroom apartment on Forbes Ave, unit 383, close to buses, laundry in building, pets ok.",,4.2,19.0
L100073,2026-01-22 07:00,15224,2.0,848.0,"$1,877",1749.0,17,"Bright 1-bedroom apartment on Walnut St, unit 307, close to buses, laundry in building, cats only.",,4.6,23.0
L100074,2026-01-22 14:00,15212,2.0,918.0,"$1,128",2487.0,9,"Bright 4-bedroom apartment on Penn Ave, unit 155, close to buses, laundry in building, no pets.",,4.2,21.0
L100075,2026-01-22 21:00,15221,0.0,1331.0,"$1,193",3007.0,9,"Bright 3-bedroom apartment on Murray Ave, unit 316, close to buses, laundry in building, no pets.",,3.9,22.0
L100076,2026-01-23 04:00,15224,3.0,749.0,"$1,076",1293.0,5,"Bright 2-bedroom apartment on Craig St, unit 47, close to buses, laundry in building, cats only.",,4.3,20.0
L100077,2026-01-23 11:00,15220,1.0,120000.0,"$1,678",2773.0,18,"Bright 1-bedroom apartment on Walnut St, unit 233, close to buses, laundry in building, no pets.",300.0,4.9,17.0
L100078,2026-01-23 18:00,15219,1.0,800.0,"$1,124",3829.0,12,"Bright 4-bedroom apartment on Liberty Ave, unit 382, close to buses, laundry in building, no pets.",,4.8,22.0
L100079,2026-01-24 01:00,15222,2.0,1018.0,"$1,521",6013.0,14,"Bright 4-bedroom apartment on Craig St, unit 55, close to buses, laundry in building, pets ok.",,3.6,25.0
L100080,2026-01-24 08:00,15203,1.0,555.0,"$1,045",7423.0,16,"Bright 3-bedroom apartment on Murray Ave, unit 171, close to buses, laundry in building, no pets.",,4.3,15.0
L100081,2026-01-24 15:00,15226,3.0,677.0,"$1,927",1788.0,12,"Bright 4-bedroom apartment on Forbes Ave, unit 212, close to buses, laundry in building, pets ok.",200.0,4.0,17.0
L100082,2026-01-24 22:00,15226,1.0,840.0,"$2,234",5418.0,5,"Bright 1-bedroom apartment on Forbes Ave, unit 396, close to buses, laundry in building, cats only.",,4.1,14.0
L100083,2026-01-25 05:00,15219,2.0,987.0,"$1,590",5170.0,14,"Bright 2-bedroom apartment on Murray Ave, unit 27, close to buses, laundry in building, no pets.",300.0,4.1,24.0
L100084,2026-01-25 12:00,15213,1.0,838.0,"$2,157",4250.0,14,"Bright 3-bedroom apartment on Walnut St, unit 289, close to buses, laundry in building, cats only.",200.0,4.1,19.0
L100085,2026-01-25 19:00,15220,2.0,725.0,"$1,724",3417.0,15,"Bright 4-bedroom apartment on Murray Ave, unit 66, close to buses, laundry in building, no pets.",,4.0,24.0
L100086,2026-01-26 02:00,15222,3.0,633.0,"$2,368",4177.0,12,"Bright 2-bedroom apartment on Walnut St, unit 46, close to buses, laundry in building, cats only.",,4.1,16.0
L100087,2026-01-26 09:00,15226,3.0,978.0,"$1,540",3314.0,11,"Bright 2-bedroom apartment on Liberty Ave, unit 296, close to buses, laundry in building, no pets.",,4.3,24.0
L100088,2026-01-26 16:00,15233,1.0,1211.0,$872,3923.0,14,"Bright 4-bedroom apartment on Murray Ave, unit 67, close to buses, laundry in building, no pets.",,3.7,17.0
L100089,2026-01-26 23:00,15210,2.0,931.0,"$2,096",3816.0,12,"Bright 3-bedroom apartment on Murray Ave, unit 34, close to buses, laundry in building, no pets.",300.0,3.7,17.0
L100090,2026-01-27 06:00,15235,3.0,897.0,"$1,449",1268.0,12,"Bright 2-bedroom apartment on Forbes Ave, unit 175, close to buses, laundry in building, cats only.",200.0,3.8,-50.0
L100091,2026-01-27 13:00,15221,1.0,961.0,"$1,086",2310.0,12,"Bright 2-bedroom apartment on Murray Ave, unit 155, close to buses, laundry in building, pets ok.",,3.7,18.0
L100092,2026-01-27 20:00,15208,1.0,614.0,"$1,237",1192.0,5,"Bright 2-bedroom apartment on Liberty Ave, unit 139, close to buses, laundry in building, pets ok.",,4.4,17.0
L100093,2026-01-28 03:00,15227,2.0,772.0,$849,2520.0,11,"Bright 4-bedroom apartment on Walnut St, unit 363, close to buses, laundry in building, no pets.",200.0,3.8,24.0
L100094,2026-01-28 10:00,15203,2.0,783.0,"$1,433",1555.0,10,"Bright 4-bedroom apartment on Penn Ave, unit 271, close to buses, laundry in building, cats only.",300.0,4.2,19.0
L100095,2026-01-28 17:00,15232,2.0,924.0,"$1,071",3517.0,12,"Bright 2-bedroom apartment on Walnut St, unit 134, close to buses, laundry in building, pets ok.",,4.2,26.0
L100096,2026-01-29 00:00,15218,2.0,842.0,"$2,094",983.0,11,"Bright 2-bedroom apartment on Forbes Ave, unit 27, close to buses, laundry in building, cats only.",,4.5,32.0
L100097,2026-01-29 07:00,15226,2.0,546.0,"$1,766",1442.0,8,"Bright 4-bedroom apartment on Walnut St, unit 15, close to buses, laundry in building, cats only.",,4.2,17.0
L100098,2026-01-29 14:00,15219,1.0,1131.0,$836,4142.0,8,"Bright 3-bedroom apartment on Walnut St, unit 170, close to buses, laundry in building, pets ok.",300.0,4.6,18.0
L100099,2026-01-29 21:00,15203,2.0,1273.0,$896,10296.0,15,"Bright 2-bedroom apartment on Walnut St, unit 331, close to buses, laundry in building, pets ok.",,4.2,12.0
L100100,2026-01-30 04:00,15227,2.0,784.0,"$1,273",1919.0,16,"Bright 2-bedroom apartment on Murray Ave, unit 196, close to buses, laundry in building, cats only.",,4.3,14.0
L100101,2026-01-30 11:00,15212,2.0,950.0,$730,2811.0,4,"Bright 2-bedroom apartment on Forbes Ave, unit 200, close to buses, laundry in building, pets ok.",200.0,4.5,23.0
L100102,2026-01-30 18:00,15203,2.0,917.0,"$1,456",5426.0,13,"Bright 3-bedroom apartment on Murray Ave, unit 79, close to buses, laundry in building, pets ok.",200.0,3.6,21.0
L100103,2026-01-31 01:00,15206,1.0,1046.0,"$1,483",1889.0,13,"Bright 4-bedroom apartment on Walnut St, unit 231, close to buses, laundry in building, pets ok.",,4.4,21.0
L100104,2026-01-31 08:00,15222,1.0,480.0,"$1,191",1968.0,13,"Bright 1-bedroom apartment on Walnut St, unit 75, close to buses, laundry in building, no pets.",300.0,4.8,22.0
L100105,2026-01-31 15:00,15220,3.0,1253.0,"$1,281",1507.0,10,"Bright 1-bedroom apartment on Forbes Ave, unit 361, close to buses, laundry in building, no pets.",200.0,4.2,16.0
L100106,2026-01-31 22:00,15223,1.0,733.0,"$1,700",2427.0,7,"Bright 2-bedroom apartment on Penn Ave, unit 105, close to buses, laundry in building, no pets.",,4.1,11.0
L100107,2026-02-01 05:00,15224,1.0,1166.0,"$2,069",4957.0,14,"Bright 1-bedroom apartment on Liberty Ave, unit 154, close to buses, laundry in building, cats only.",,5.0,25.0
L100108,2026-02-01 12:00,15218,0.0,870.0,"$2,098",1139.0,10,"Bright 1-bedroom apartment on Penn Ave, unit 183, close to buses, laundry in building, cats only.",,4.2,21.0
L100109,2026-02-01 19:00,15227,3.0,753.0,"$1,514",2607.0,15,"Bright 3-bedroom apartment on Craig St, unit 198, close to buses, laundry in building, pets ok.",,4.7,25.0
L100110,2026-02-02 02:00,15206,4.0,815.0,"$1,842",3452.0,14,"Bright 3-bedroom apartment on Murray Ave, unit 25, close to buses, laundry in building, pets ok.",,3.2,20.0
L100111,2026-02-02 09:00,15224,1.0,1074.0,"$1,205",2260.0,14,"Bright 4-bedroom apartment on Craig St, unit 334, close to buses, laundry in building, cats only.",,4.2,24.0
L100112,2026-02-02 16:00,15215,1.0,634.0,"$1,665",365.0,6,"Bright 4-bedroom apartment on Murray Ave, unit 16, close to buses, laundry in building, no pets.",,4.0,17.0
L100113,2026-02-02 23:00,15216,1.0,756.0,"$1,116",1141.0,17,"Bright 4-bedroom apartment on Walnut St, unit 134, close to buses, laundry in building, pets ok.",,4.4,20.0
L100114,2026-02-03 06:00,15203,2.0,729.0,"$1,792",1672.0,13,"Bright 1-bedroom apartment on Walnut St, unit 262, close to buses, laundry in building, cats only.",,4.7,19.0
L100115,2026-02-03 13:00,15203,2.0,421.0,"$1,005",2420.0,12,"Bright 3-bedroom apartment on Liberty Ave, unit 52, close to buses, laundry in building, pets ok.",200.0,4.1,22.0
L100116,2026-02-03 20:00,15232,3.0,1175.0,"$1,114",3820.0,13,"Bright 1-bedroom apartment on Walnut St, unit 290, close to buses, laundry in building, pets ok.",,4.1,27.0
L100117,2026-02-04 03:00,15218,1.0,995.0,"$1,497",2842.0,10,"Bright 1-bedroom apartment on Penn Ave, unit 372, close to buses, laundry in building, pets ok.",300.0,3.1,23.0
L100118,2026-02-04 10:00,15233,3.0,845.0,"$1,723",4273.0,13,"Bright 3-bedroom apartment on Liberty Ave, unit 99, close to buses, laundry in building, no pets.",,4.5,6.0
L100119,2026-02-04 17:00,15222,2.0,1141.0,$925,4788.0,11,"Bright 1-bedroom apartment on Murray Ave, unit 55, close to buses, laundry in building, pets ok.",,4.7,19.0
L100120,2026-02-05 00:00,15223,3.0,611.0,"$1,285",659.0,12,"Bright 1-bedroom apartment on Craig St, unit 215, close to buses, laundry in building, cats only.",,4.3,20.0
L100121,2026-02-05 07:00,15206,3.0,832.0,"$1,554",1422.0,11,"Bright 4-bedroom apartment on Forbes Ave, unit 238, close to buses, laundry in building, cats only.",,4.0,24.0
L100122,2026-02-05 14:00,15213,3.0,1281.0,"$1,592",5320.0,8,"Bright 4-bedroom apartment on Murray Ave, unit 150, close to buses, laundry in building, pets ok.",,4.3,21.0
L100123,2026-02-05 21:00,15221,2.0,1095.0,"$1,164",1181.0,13,"Bright 4-bedroom apartment on Walnut St, unit 246, close to buses, laundry in building, cats only.",,4.6,16.0
L100124,2026-02-06 04:00,15206,2.0,294.0,"$1,539",5825.0,18,"Bright 2-bedroom apartment on Penn Ave, unit 30, close to buses, laundry in building, no pets.",,4.5,16.0
L100125,2026-02-06 11:00,15221,2.0,17.0,"$1,393",564.0,10,"Bright 4-bedroom apartment on Murray Ave, unit 334, close to buses, laundry in building, cats only.",,5.0,18.0
L100126,2026-02-06 18:00,15208,1.0,591.0,"$2,062",2286.0,8,"Bright 4-bedroom apartment on Forbes Ave, unit 264, close to buses, laundry in building, pets ok.",,4.0,16.0
L100127,2026-02-07 01:00,15216,2.0,1115.0,"$1,723",4773.0,10,"Bright 2-bedroom apartment on Walnut St, unit 163, close to buses, laundry in building, cats only.",,3.7,27.0
L100128,2026-02-07 08:00,15233,3.0,732.0,$970,5757.0,11,"Bright 1-bedroom apartment on Walnut St, unit 251, close to buses, laundry in building, cats only.",,4.4,23.0
L100129,2026-02-07 15:00,15233,3.0,796.0,$619,3644.0,6,"Bright 3-bedroom apartment on Liberty Ave, unit 3, close to buses, laundry in building, cats only.",200.0,4.7,20.0
L100130,2026-02-07 22:00,15212,0.0,1002.0,"$1,540",1087.0,17,"Bright 2-bedroom apartment on Forbes Ave, unit 287, close to buses, laundry in building, no pets.",,4.0,-45.0
L100131,2026-02-08 05:00,15222,2.0,629.0,"$1,973",3858.0,15,"Bright 2-bedroom apartment on Craig St, unit 249, close to buses, laundry in building, no pets.",,4.2,31.0
L100132,2026-02-08 12:00,15201,1.0,903.0,"$1,569",4524.0,13,"Bright 1-bedroom apartment on Murray Ave, unit 327, close to buses, laundry in building, no pets.",200.0,3.9,19.0
L100133,2026-02-08 19:00,15226,1.0,1048.0,"$1,853",5204.0,14,"Bright 1-bedroom apartment on Liberty Ave, unit 319, close to buses, laundry in building, pets ok.",,3.7,20.0
L100134,2026-02-09 02:00,15216,1.0,967.0,"$1,306",2793.0,17,"Bright 3-bedroom apartment on Craig St, unit 210, close to buses, laundry in building, pets ok.",,3.9,18.0
L100135,2026-02-09 09:00,15206,3.0,949.0,$954,4479.0,11,"Bright 3-bedroom apartment on Craig St, unit 13, close to buses, laundry in building, no pets.",200.0,3.4,14.0
L100136,2026-02-09 16:00,15227,4.0,699.0,"$1,799",3045.0,13,"Bright 1-bedroom apartment on Walnut St, unit 147, close to buses, laundry in building, cats only.",,4.3,17.0
L100137,2026-02-09 23:00,15235,2.0,979.0,"$1,540",2426.0,15,"Bright 3-bedroom apartment on Walnut St, unit 1, close to buses, laundry in building, cats only.",300.0,4.4,15.0
L100138,2026-02-10 06:00,15235,1.0,743.0,"$1,773",11705.0,11,"Bright 2-bedroom apartment on Walnut St, unit 141, close to buses, laundry in building, cats only.",,4.6,22.0
L100139,2026-02-10 13:00,15218,2.0,1176.0,$947,2365.0,11,"Bright 1-bedroom apartment on Murray Ave, unit 86, close to buses, laundry in building, cats only.",,3.9,22.0
L100140,2026-02-10 20:00,15235,3.0,1493.0,"$1,573",1478.0,6,"Bright 2-bedroom apartment on Penn Ave, unit 394, close to buses, laundry in building, no pets.",300.0,3.9,24.0
L100141,2026-02-11 03:00,15218,2.0,665.0,"$1,250",2304.0,16,"Bright 3-bedroom apartment on Penn Ave, unit 382, close to buses, laundry in building, pets ok.",,3.5,16.0
L100142,2026-02-11 10:00,15215,0.0,306.0,"$1,823",1133.0,7,"Bright 4-bedroom apartment on Craig St, unit 41, close to buses, laundry in building, cats only.",,3.6,25.0
L100143,2026-02-11 17:00,15235,1.0,744.0,"$1,268",4385.0,9,"Bright 4-bedroom apartment on Murray Ave, unit 241, close to buses, laundry in building, cats only.",,4.6,15.0
L100144,2026-02-12 00:00,15218,3.0,944.0,"$1,257",4236.0,6,"Bright 4-bedroom apartment on Murray Ave, unit 362, close to buses, laundry in building, pets ok.",200.0,5.3,19.0
L100145,2026-02-12 07:00,15223,2.0,1113.0,"$1,266",3322.0,11,"Bright 4-bedroom apartment on Liberty Ave, unit 390, close to buses, laundry in building, pets ok.",,3.8,26.0
L100146,2026-02-12 14:00,15208,2.0,1120.0,"$2,005",3939.0,11,"Bright 2-bedroom apartment on Walnut St, unit 272, close to buses, laundry in building, pets ok.",,4.0,26.0
L100147,2026-02-12 21:00,15223,3.0,654.0,"$1,512",2229.0,10,"Bright 2-bedroom apartment on Liberty Ave, unit 295, close to buses, laundry in building, no pets.",,4.6,25.0
L100148,2026-02-13 04:00,15235,2.0,652.0,"$1,196",756.0,9,"Bright 3-bedroom apartment on Murray Ave, unit 88, close to buses, laundry in building, no pets.",,3.9,30.0
L100149,2026-02-13 11:00,15217,2.0,1167.0,"$1,091",3675.0,5,"Bright 1-bedroom apartment on Penn Ave, unit 182, close to buses, laundry in building, no pets.",,4.4,25.0
L100150,2026-02-13 18:00,15215,2.0,577.0,"$1,082",2455.0,11,"Bright 2-bedroom apartment on Liberty Ave, unit 140, close to buses, laundry in building, cats only.",,4.1,19.0
L100151,2026-02-14 01:00,15203,1.0,1123.0,"$2,085",2807.0,9,"Bright 1-bedroom apartment on Forbes Ave, unit 105, close to buses, laundry in building, pets ok.",300.0,4.1,19.0
L100152,2026-02-14 08:00,15217,1.0,793.0,$774,2131.0,10,"Bright 2-bedroom apartment on Craig St, unit 298, close to buses, laundry in building, pets ok.",,4.6,16.0
L100153,2026-02-14 15:00,15217,4.0,1042.0,"$1,160",3099.0,11,"Bright 1-bedroom apartment on Murray Ave, unit 334, close to buses, laundry in building, no pets.",,4.1,21.0
L100154,2026-02-14 22:00,15201,0.0,1027.0,"$1,755",1926.0,11,"Bright 1-bedroom apartment on Liberty Ave, unit 167, close to buses, laundry in building, pets ok.",,3.7,16.0
L100155,2026-02-15 05:00,15222,2.0,1044.0,"$1,971",4396.0,16,"Bright 2-bedroom apartment on Murray Ave, unit 254, close to buses, laundry in building, cats only.",,4.5,17.0
L100156,2026-02-15 12:00,15220,3.0,1055.0,"$1,441",2988.0,12,"Bright 3-bedroom apartment on Murray Ave, unit 369, close to buses, laundry in building, no pets.",200.0,4.2,15.0
L100157,2026-02-15 19:00,15222,1.0,603.0,"$1,814",2331.0,21,"Bright 2-bedroom apartment on Liberty Ave, unit 120, close to buses, laundry in building, cats only.",200.0,4.0,12.0
L100158,2026-02-16 02:00,15218,0.0,924.0,"$1,804",4900.0,18,"Bright 2-bedroom apartment on Penn Ave, unit 161, close to buses, laundry in building, pets ok.",,3.9,32.0
L100159,2026-02-16 09:00,15226,1.0,853.0,"$1,894",4484.0,12,"Bright 2-bedroom apartment on Craig St, unit 30, close to buses, laundry in building, cats only.",200.0,4.4,24.0
L100160,2026-02-16 16:00,15212,1.0,927.0,"$1,519",1264.0,10,"Bright 4-bedroom apartment on Murray Ave, unit 239, close to buses, laundry in building, cats only.",,3.9,10.0
L100161,2026-02-16 23:00,15232,2.0,1158.0,"$2,162",1949.0,13,"Bright 1-bedroom apartment on Liberty Ave, unit 336, close to buses, laundry in building, pets ok.",,4.2,22.0
L100162,2026-02-17 06:00,15217,1.0,782.0,"$1,586",1350.0,9,"Bright 4-bedroom apartment on Liberty Ave, unit 25, close to buses, laundry in building, cats only.",,4.6,17.0
L100163,2026-02-17 13:00,15224,3.0,672.0,"$2,119",2539.0,10,"Bright 2-bedroom apartment on Penn Ave, unit 285, close to buses, laundry in building, no pets.",,4.2,9.0
L100164,2026-02-17 20:00,15210,1.0,668.0,"$1,067",1049.0,4,"Bright 2-bedroom apartment on Craig St, unit 116, close to buses, laundry in building, pets ok.",,4.6,19.0
L100165,2026-02-18 03:00,15212,3.0,772.0,"$1,884",3319.0,17,"Bright 1-bedroom apartment on Penn Ave, unit 141, close to buses, laundry in building, pets ok.",300.0,3.6,21.0
L100166,2026-02-18 10:00,15224,0.0,1038.0,"$1,006",2412.0,6,"Bright 2-bedroom apartment on Liberty Ave, unit 226, close to buses, laundry in building, cats only.",,4.4,23.0
L100167,2026-02-18 17:00,15226,3.0,646.0,$910,2442.0,14,"Bright 4-bedroom apartment on Liberty Ave, unit 1, close to buses, laundry in building, cats only.",200.0,4.4,25.0
L100168,2026-02-19 00:00,15216,1.0,1140.0,"$1,710",3880.0,12,"Bright 2-bedroom apartment on Craig St, unit 9, close to buses, laundry in building, cats only.",,4.9,16.0
L100169,2026-02-19 07:00,15235,2.0,923.0,"$1,180",3315.0,11,"Bright 4-bedroom apartment on Forbes Ave, unit 86, close to buses, laundry in building, cats only.",300.0,4.2,20.0
L100170,2026-02-19 14:00,15233,0.0,793.0,"$1,691",1918.0,11,"Bright 3-bedroom apartment on Craig St, unit 351, close to buses, laundry in building, cats only.",,4.6,23.0
L100171,2026-02-19 21:00,15220,1.0,517.0,"$1,084",10859.0,14,"Bright 4-bedroom apartment on Craig St, unit 50, close to buses, laundry in building, no pets.",,4.1,23.0
L100172,2026-02-20 04:00,15213,2.0,911.0,"$2,156",3004.0,8,"Bright 2-bedroom apartment on Walnut St, unit 133, close to buses, laundry in building, pets ok.",,3.8,22.0
L100173,2026-02-20 11:00,15222,2.0,1023.0,"$1,518",2280.0,18,"Bright 2-bedroom apartment on Liberty Ave, unit 27, close to buses, laundry in building, no pets.",,3.8,20.0
L100174,2026-02-20 18:00,15221,3.0,409.0,"$1,062",3268.0,8,"Bright 3-bedroom apartment on Liberty Ave, unit 375, close to buses, laundry in building, pets ok.",,3.9,26.0
L100175,2026-02-21 01:00,15215,1.0,1148.0,"$1,586",6293.0,11,"Bright 4-bedroom apartment on Penn Ave, unit 306, close to buses, laundry in building, pets ok.",,4.5,14.0
L100176,2026-02-21 08:00,15233,1.0,1262.0,"$1,870",922.0,7,"Bright 1-bedroom apartment on Craig St, unit 10, close to buses, laundry in building, cats only.",,3.9,13.0
L100177,2026-02-21 15:00,15220,2.0,935.0,"$1,209",2517.0,14,"Bright 1-bedroom apartment on Craig St, unit 158, close to buses, laundry in building, pets ok.",,4.2,29.0
L100178,2026-02-21 22:00,15226,0.0,973.0,"$1,725",2894.0,6,"Bright 1-bedroom apartment on Walnut St, unit 76, close to buses, laundry in building, pets ok.",200.0,4.6,22.0
L100179,2026-02-22 05:00,15217,3.0,1453.0,"$2,337",1357.0,16,"Bright 2-bedroom apartment on Forbes Ave, unit 198, close to buses, laundry in building, pets ok.",,4.7,26.0
L100180,2026-02-22 12:00,15224,1.0,1158.0,"$1,866",1196.0,11,"Bright 4-bedroom apartment on Walnut St, unit 377, close to buses, laundry in building, no pets.",,4.6,21.0
L100181,2026-02-22 19:00,15219,1.0,626.0,"$1,516",2709.0,14,"Bright 2-bedroom apartment on Forbes Ave, unit 96, close to buses, laundry in building, cats only.",,4.8,18.0
L100182,2026-02-23 02:00,15218,1.0,846.0,"$1,292",4687.0,15,"Bright 2-bedroom apartment on Forbes Ave, unit 154, close to buses, laundry in building, cats only.",200.0,3.7,18.0
L100183,2026-02-23 09:00,15203,2.0,811.0,"$1,752",1405.0,15,"Bright 2-bedroom apartment on Liberty Ave, unit 353, close to buses, laundry in building, cats only.",,4.0,21.0
L100184,2026-02-23 16:00,15206,0.0,812.0,$914,7161.0,17,"Bright 2-bedroom apartment on Walnut St, unit 362, close to buses, laundry in building, no pets.",,4.3,18.0
L100185,2026-02-23 23:00,15216,1.0,259.0,$305,3129.0,12,"Bright 1-bedroom apartment on Murray Ave, unit 275, close to buses, laundry in building, cats only.",,4.6,20.0
L100186,2026-02-24 06:00,15217,1.0,1039.0,"$1,255",2965.0,9,"Bright 4-bedroom apartment on Craig St, unit 59, close to buses, laundry in building, no pets.",200.0,4.4,20.0
L100187,2026-02-24 13:00,15219,1.0,691.0,"$1,089",2448.0,3,"Bright 4-bedroom apartment on Murray Ave, unit 235, close to buses, laundry in building, pets ok.",,3.9,24.0
L100188,2026-02-24 20:00,15223,2.0,891.0,"$2,220",1251.0,11,"Bright 4-bedroom apartment on Murray Ave, unit 389, close to buses, laundry in building, cats only.",,4.1,24.0
L100189,2026-02-25 03:00,15219,2.0,816.0,"$1,578",3329.0,19,"Bright 2-bedroom apartment on Craig St, unit 101, close to buses, laundry in building, cats only.",,3.5,28.0
L100190,2026-02-25 10:00,15217,3.0,1068.0,"$1,129",4688.0,14,"Bright 3-bedroom apartment on Liberty Ave, unit 80, close to buses, laundry in building, pets ok.",,4.5,17.0
L100191,2026-02-25 17:00,15215,2.0,776.0,"$1,058",1199.0,12,"Bright 3-bedroom apartment on Forbes Ave, unit 30, close to buses, laundry in building, cats only.",,3.5,20.0
L100192,2026-02-26 00:00,15224,1.0,651.0,"$1,723",3841.0,11,"Bright 2-bedroom apartment on Craig St, unit 215, close to buses, laundry in building, no pets.",200.0,4.3,25.0
L100193,2026-02-26 07:00,15216,1.0,983.0,"$1,192",4343.0,6,"Bright 1-bedroom apartment on Liberty Ave, unit 178, close to buses, laundry in building, cats only.",,4.6,22.0
L100194,2026-02-26 14:00,15220,1.0,1201.0,"$1,291",7229.0,11,"Bright 4-bedroom apartment on Walnut St, unit 141, close to buses, laundry in building, pets ok.",200.0,4.6,8.0
L100195,2026-02-26 21:00,15222,1.0,770.0,"$1,488",737.0,11,"Bright 3-bedroom apartment on Penn Ave, unit 103, close to buses, laundry in building, cats only.",,3.6,22.0
L100196,2026-02-27 04:00,15213,2.0,1192.0,"$1,560",378.0,12,"Bright 3-bedroom apartment on Craig St, unit 183, close to buses, laundry in building, no pets.",300.0,4.3,20.0
L100197,2026-02-27 11:00,15212,2.0,916.0,"$1,564",912.0,14,"Bright 3-bedroom apartment on Forbes Ave, unit 50, close to buses, laundry in building, no pets.",,4.1,18.0
L100198,2026-02-27 18:00,15218,1.0,717.0,"$1,572",322.0,9,"Bright 3-bedroom apartment on Penn Ave, unit 296, close to buses, laundry in building, no pets.",,4.1,18.0
L100199,2026-02-28 01:00,15232,1.0,1231.0,"$2,047",4849.0,11,"Bright 4-bedroom apartment on Penn Ave, unit 313, close to buses, laundry in building, cats only.",,4.9,17.0
L100200,2026-02-28 08:00,15233,3.0,645.0,"$2,207",3428.0,10,"Bright 4-bedroom apartment on Penn Ave, unit 294, close to buses, laundry in building, no pets.",,4.3,26.0
L100201,2026-02-28 15:00,15212,4.0,1104.0,$866,6412.0,14,"Bright 2-bedroom apartment on Penn Ave, unit 65, close to buses, laundry in building, cats only.",,3.6,24.0
L100202,2026-02-28 22:00,15235,0.0,725.0,"$2,559",5088.0,16,"Bright 3-bedroom apartment on Murray Ave, unit 96, close to buses, laundry in building, pets ok.",,3.8,21.0
L100203,2026-03-01 05:00,15215,0.0,963.0,"$1,580",3201.0,6,"Bright 4-bedroom apartment on Murray Ave, unit 394, close to buses, laundry in building, pets ok.",,4.5,26.0
L100204,2026-03-01 12:00,15221,3.0,541.0,"$2,026",3213.0,9,"Bright 2-bedroom apartment on Forbes Ave, unit 171, close to buses, laundry in building, cats only.",,4.3,25.0
L100205,2026-03-01 19:00,15223,2.0,641.0,"$1,233",886.0,16,"Bright 4-bedroom apartment on Walnut St, unit 70, close to buses, laundry in building, pets ok.",,3.7,16.0
L100206,2026-03-02 02:00,15212,1.0,1116.0,"$1,659",5453.0,14,"Bright 3-bedroom apartment on Walnut St, unit 319, close to buses, laundry in building, pets ok.",,3.5,15.0
L100207,2026-03-02 09:00,15203,2.0,897.0,"$1,615",3810.0,11,"Bright 1-bedroom apartment on Murray Ave, unit 86, close to buses, laundry in building, pets ok.",,4.0,15.0
L100208,2026-03-02 16:00,15219,3.0,860.0,"$1,574",1400.0,17,"Bright 2-bedroom apartment on Murray Ave, unit 181, close to buses, laundry in building, pets ok.",,4.0,24.0
L100209,2026-03-02 23:00,15213,0.0,740.0,"$1,870",2758.0,10,"Bright 2-bedroom apartment on Walnut St, unit 217, close to buses, laundry in building, pets ok.",,4.5,20.0
L100210,2026-03-03 06:00,15218,4.0,962.0,"$1,782",3433.0,14,"Bright 4-bedroom apartment on Forbes Ave, unit 180, close to buses, laundry in building, pets ok.",300.0,4.0,26.0
L100211,2026-03-03 13:00,15215,4.0,501.0,"$1,127",901.0,15,"Bright 2-bedroom apartment on Walnut St, unit 60, close to buses, laundry in building, cats only.",,4.5,23.0
L100212,2026-03-03 20:00,15206,1.0,570.0,"$1,483",2067.0,12,"Bright 1-bedroom apartment on Craig St, unit 259, close to buses, laundry in building, cats only.",,4.7,19.0
L100213,2026-03-04 03:00,15222,2.0,811.0,"$1,821",428.0,8,"Bright 4-bedroom apartment on Murray Ave, unit 23, close to buses, laundry in building, cats only.",,3.6,14.0
L100214,2026-03-04 10:00,15213,1.0,641.0,"$1,805",1141.0,8,"Bright 4-bedroom apartment on Craig St, unit 338, close to buses, laundry in building, cats only.",200.0,4.0,19.0
L100215,2026-03-04 17:00,15221,2.0,675.0,"$1,396",2570.0,14,"Bright 3-bedroom apartment on Craig St, unit 262, close to buses, laundry in building, no pets.",300.0,4.8,31.0
L100216,2026-03-05 00:00,15220,1.0,832.0,"$1,418",1674.0,13,"Bright 4-bedroom apartment on Craig St, unit 92, close to buses, laundry in building, no pets.",200.0,4.0,17.0
L100217,2026-03-05 07:00,15203,2.0,816.0,"$1,469",1084.0,12,"Bright 1-bedroom apartment on Craig St, unit 244, close to buses, laundry in building, cats only.",,4.2,16.0
L100218,2026-03-05 14:00,15235,3.0,794.0,"$1,088",3450.0,13,"Bright 4-bedroom apartment on Walnut St, unit 263, close to buses, laundry in building, no pets.",200.0,4.6,19.0
L100219,2026-03-05 21:00,15203,2.0,1266.0,"$1,015",3678.0,7,"Bright 2-bedroom apartment on Forbes Ave, unit 381, close to buses, laundry in building, no pets.",,3.9,27.0
L100220,2026-03-06 04:00,15224,3.0,1103.0,"$2,158",3670.0,8,"Bright 3-bedroom apartment on Penn Ave, unit 47, close to buses, laundry in building, pets ok.",,4.0,20.0
L100221,2026-03-06 11:00,15233,1.0,1157.0,"$1,372",4901.0,7,"Bright 4-bedroom apartment on Craig St, unit 130, close to buses, laundry in building, pets ok.",,3.5,15.0
L100222,2026-03-06 18:00,15217,3.0,843.0,"$1,568",8607.0,15,"Bright 4-bedroom apartment on Penn Ave, unit 348, close to buses, laundry in building, no pets.",,4.4,18.0
L100223,2026-03-07 01:00,15203,1.0,724.0,"$1,231",3464.0,10,"Bright 1-bedroom apartment on Liberty Ave, unit 149, close to buses, laundry in building, no pets.",,4.0,20.0
L100224,2026-03-07 08:00,15213,1.0,487.0,"$2,049",2768.0,13,"Bright 1-bedroom apartment on Walnut St, unit 289, close to buses, laundry in building, cats only.",,4.0,21.0
L100225,2026-03-07 15:00,15208,2.0,763.0,"$2,231",2863.0,10,"Bright 3-bedroom apartment on Murray Ave, unit 384, close to buses, laundry in building, pets ok.",200.0,3.2,26.0
L100226,2026-03-07 22:00,15220,1.0,329.0,"$1,442",1616.0,8,"Bright 3-bedroom apartment on Forbes Ave, unit 329, close to buses, laundry in building, pets ok.",300.0,4.6,33.0
L100227,2026-03-08 05:00,15208,1.0,704.0,"$1,736",5341.0,15,"Bright 3-bedroom apartment on Walnut St, unit 191, close to buses, laundry in building, pets ok.",,4.5,27.0
L100228,2026-03-08 12:00,15212,0.0,1041.0,"$1,228",1436.0,9,"Bright 4-bedroom apartment on Liberty Ave, unit 167, close to buses, laundry in building, cats only.",,3.9,24.0
L100229,2026-03-08 19:00,15212,3.0,1255.0,"$2,236",4356.0,13,"Bright 4-bedroom apartment on Liberty Ave, unit 189, close to buses, laundry in building, cats only.",,4.7,20.0
L100230,2026-03-09 02:00,15217,0.0,1091.0,"$1,900",1863.0,5,"Bright 1-bedroom apartment on Craig St, unit 318, close to buses, laundry in building, no pets.",200.0,3.2,17.0
L100231,2026-03-09 09:00,15232,0.0,635.0,"$1,194",4522.0,7,"Bright 1-bedroom apartment on Murray Ave, unit 84, close to buses, laundry in building, pets ok.",,4.2,23.0
L100232,2026-03-09 16:00,15224,3.0,973.0,"$2,029",6950.0,8,"Bright 1-bedroom apartment on Forbes Ave, unit 363, close to buses, laundry in building, cats only.",300.0,3.5,27.0
L100233,2026-03-09 23:00,15216,3.0,653.0,"$1,674",2111.0,16,"Bright 4-bedroom apartment on Walnut St, unit 261, close to buses, laundry in building, pets ok.",300.0,5.3,25.0
L100234,2026-03-10 06:00,15217,1.0,1056.0,"$1,695",2527.0,18,"Bright 2-bedroom apartment on Penn Ave, unit 51, close to buses, laundry in building, cats only.",,3.1,20.0
L100235,2026-03-10 13:00,15233,1.0,822.0,"$1,673",5091.0,14,"Bright 2-bedroom apartment on Craig St, unit 361, close to buses, laundry in building, pets ok.",300.0,3.7,24.0
L100236,2026-03-10 20:00,15226,3.0,1065.0,"$1,262",6356.0,9,"Bright 1-bedroom apartment on Craig St, unit 331, close to buses, laundry in building, cats only.",,3.9,19.0
L100237,2026-03-11 03:00,15216,3.0,1493.0,"$1,314",2151.0,14,"Bright 3-bedroom apartment on Liberty Ave, unit 279, close to buses, laundry in building, pets ok.",,4.5,20.0
L100238,2026-03-11 10:00,15221,2.0,1081.0,"$1,778",2742.0,17,"Bright 2-bedroom apartment on Walnut St, unit 355, close to buses, laundry in building, pets ok.",300.0,4.5,19.0
L100239,2026-03-11 17:00,15221,2.0,1433.0,"$1,509",1798.0,14,"Bright 1-bedroom apartment on Craig St, unit 100, close to buses, laundry in building, pets ok.",,4.3,21.0
L100240,2026-03-12 00:00,15213,2.0,894.0,"$1,150",2352.0,10,"Bright 2-bedroom apartment on Craig St, unit 197, close to buses, laundry in building, cats only.",,4.1,20.0
L100241,2026-03-12 07:00,15233,4.0,768.0,"$2,341",1950.0,11,"Bright 1-bedroom apartment on Penn Ave, unit 230, close to buses, laundry in building, no pets.",,5.0,25.0
L100242,2026-03-12 14:00,15217,2.0,1183.0,"$1,445",4104.0,19,"Bright 2-bedroom apartment on Walnut St, unit 384, close to buses, laundry in building, no pets.",300.0,3.9,20.0
L100243,2026-03-12 21:00,15226,0.0,1281.0,"$1,305",2779.0,14,"Bright 1-bedroom apartment on Walnut St, unit 342, close to buses, laundry in building, cats only.",200.0,4.3,20.0
L100244,2026-03-13 04:00,15226,0.0,711.0,"$1,249",4795.0,11,"Bright 4-bedroom apartment on Walnut St, unit 364, close to buses, laundry in building, cats only.",,4.9,26.0
L100245,2026-03-13 11:00,15221,2.0,869.0,"$1,804",552.0,9,"Bright 3-bedroom apartment on Craig St, unit 45, close to buses, laundry in building, no pets.",,3.7,24.0
L100246,2026-03-13 18:00,15232,2.0,491.0,"$1,918",6116.0,6,"Bright 3-bedroom apartment on Liberty Ave, unit 379, close to buses, laundry in building, cats only.",200.0,3.8,26.0
L100247,2026-03-14 01:00,15223,2.0,800.0,"$1,626",3317.0,6,"Bright 4-bedroom apartment on Walnut St, unit 147, close to buses, laundry in building, cats only.",,4.6,17.0
L100248,2026-03-14 08:00,15235,2.0,1072.0,"$1,875",697.0,8,"Bright 2-bedroom apartment on Penn Ave, unit 27, close to buses, laundry in building, cats only.",200.0,4.4,27.0
L100249,2026-03-14 15:00,15226,1.0,828.0,$928,616.0,17,"Bright 3-bedroom apartment on Walnut St, unit 173, close to buses, laundry in building, pets ok.",300.0,3.6,20.0
L100250,2026-03-14 22:00,15220,1.0,708.0,"$1,379",1449.0,4,"Bright 2-bedroom apartment on Murray Ave, unit 231, close to buses, laundry in building, pets ok.",,4.2,15.0
L100251,2026-03-15 05:00,15201,1.0,498.0,"$1,339",8528.0,10,"Bright 1-bedroom apartment on Forbes Ave, unit 111, close to buses, laundry in building, pets ok.",,4.9,20.0
L100252,2026-03-15 12:00,15216,1.0,942.0,"$1,529",2066.0,11,"Bright 2-bedroom apartment on Liberty Ave, unit 214, close to buses, laundry in building, pets ok.",,4.1,14.0
L100253,2026-03-15 19:00,15212,1.0,1049.0,"$1,722",1026.0,13,"Bright 1-bedroom apartment on Craig St, unit 322, close to buses, laundry in building, cats only.",,4.5,15.0
L100254,2026-03-16 02:00,15227,3.0,999.0,$711,3356.0,17,"Bright 1-bedroom apartment on Murray Ave, unit 218, close to buses, laundry in building, pets ok.",,4.2,18.0
L100255,2026-03-16 09:00,15208,1.0,914.0,"$2,777",1591.0,11,"Bright 4-bedroom apartment on Murray Ave, unit 119, close to buses, laundry in building, cats only.",,3.9,25.0
L100256,2026-03-16 16:00,15210,1.0,531.0,"$1,179",2762.0,12,"Bright 4-bedroom apartment on Murray Ave, unit 118, close to buses, laundry in building, cats only.",,4.8,14.0
L100257,2026-03-16 23:00,15201,2.0,1290.0,"$1,663",2302.0,7,"Bright 2-bedroom apartment on Murray Ave, unit 252, close to buses, laundry in building, no pets.",200.0,4.6,22.0
L100258,2026-03-17 06:00,15212,1.0,836.0,"$1,856",2378.0,17,"Bright 3-bedroom apartment on Craig St, unit 28, close to buses, laundry in building, no pets.",300.0,4.7,19.0
L100259,2026-03-17 13:00,15216,1.0,814.0,"$1,865",4542.0,13,"Bright 4-bedroom apartment on Forbes Ave, unit 347, close to buses, laundry in building, cats only.",,4.1,28.0
L100260,2026-03-17 20:00,15212,4.0,1033.0,"$1,621",5797.0,6,"Bright 1-bedroom apartment on Liberty Ave, unit 117, close to buses, laundry in building, pets ok.",300.0,4.2,21.0
L100261,2026-03-18 03:00,15224,3.0,309.0,$360,7124.0,8,"Bright 4-bedroom apartment on Forbes Ave, unit 265, close to buses, laundry in building, no pets.",,4.3,23.0
L100262,2026-03-18 10:00,15216,1.0,834.0,"$1,088",1746.0,7,"Bright 3-bedroom apartment on Craig St, unit 82, close to buses, laundry in building, cats only.",,4.3,27.0
L100263,2026-03-18 17:00,15218,1.0,816.0,"$1,826",1302.0,14,"Bright 3-bedroom apartment on Craig St, unit 376, close to buses, laundry in building, no pets.",300.0,4.0,15.0
L100264,2026-03-19 00:00,15206,2.0,943.0,"$1,153",415.0,10,"Bright 4-bedroom apartment on Craig St, unit 268, close to buses, laundry in building, cats only.",,4.0,19.0
L100265,2026-03-19 07:00,15216,2.0,1187.0,"$1,099",1288.0,11,"Bright 4-bedroom apartment on Craig St, unit 288, close to buses, laundry in building, no pets.",300.0,4.7,13.0
L100266,2026-03-19 14:00,15220,1.0,968.0,$578,6604.0,9,"Bright 3-bedroom apartment on Craig St, unit 280, close to buses, laundry in building, no pets.",200.0,3.7,16.0
L100267,2026-03-19 21:00,15232,2.0,392.0,"$2,007",4478.0,7,"Bright 2-bedroom apartment on Walnut St, unit 21, close to buses, laundry in building, cats only.",,4.0,22.0
L100268,2026-03-20 04:00,15218,2.0,765.0,"$1,723",1957.0,19,"Bright 4-bedroom apartment on Murray Ave, unit 199, close to buses, laundry in building, cats only.",,4.0,19.0
L100269,2026-03-20 11:00,15210,3.0,901.0,"$1,160",503.0,8,"Bright 2-bedroom apartment on Walnut St, unit 168, close to buses, laundry in building, cats only.",,4.0,22.0
L100270,2026-03-20 18:00,15233,1.0,887.0,"$1,464",2692.0,13,"Bright 1-bedroom apartment on Walnut St, unit 178, close to buses, laundry in building, no pets.",,3.7,18.0
L100271,2026-03-21 01:00,15203,2.0,530.0,"$1,476",1645.0,11,"Bright 1-bedroom apartment on Murray Ave, unit 176, close to buses, laundry in building, cats only.",,3.9,17.0
L100272,2026-03-21 08:00,15224,0.0,434.0,"$1,068",2281.0,7,"Bright 3-bedroom apartment on Craig St, unit 236, close to buses, laundry in building, pets ok.",300.0,4.5,19.0
L100273,2026-03-21 15:00,15220,0.0,987.0,"$1,404",3026.0,13,"Bright 4-bedroom apartment on Penn Ave, unit 284, close to buses, laundry in building, no pets.",,4.0,16.0
L100274,2026-03-21 22:00,15227,0.0,936.0,"$1,615",2993.0,9,"Bright 4-bedroom apartment on Craig St, unit 187, close to buses, laundry in building, pets ok.",,3.9,15.0
L100275,2026-03-22 05:00,15217,1.0,845.0,"$1,734",5794.0,8,"Bright 1-bedroom apartment on Craig St, unit 67, close to buses, laundry in building, pets ok.",300.0,4.8,12.0
L100276,2026-03-22 12:00,15232,3.0,419.0,"$2,018",2911.0,9,"Bright 2-bedroom apartment on Walnut St, unit 378, close to buses, laundry in building, pets ok.",200.0,3.6,19.0
L100277,2026-03-22 19:00,15206,1.0,1294.0,"$1,523",374.0,11,"Bright 4-bedroom apartment on Penn Ave, unit 226, close to buses, laundry in building, cats only.",,4.6,22.0
L100278,2026-03-23 02:00,15208,2.0,125.0,"$1,326",6384.0,8,"Bright 4-bedroom apartment on Penn Ave, unit 399, close to buses, laundry in building, cats only.",,4.3,14.0
L100279,2026-03-23 09:00,15215,2.0,759.0,"$1,671",1894.0,13,"Bright 1-bedroom apartment on Liberty Ave, unit 270, close to buses, laundry in building, pets ok.",,3.6,18.0
L100280,2026-03-23 16:00,15216,1.0,1373.0,"$1,258",2894.0,26,"Bright 1-bedroom apartment on Craig St, unit 325, close to buses, laundry in building, pets ok.",,4.0,9.0
L100281,2026-03-23 23:00,15203,0.0,811.0,"$1,009",1638.0,6,"Bright 3-bedroom apartment on Liberty Ave, unit 243, close to buses, laundry in building, cats only.",,4.0,14.0
L100282,2026-03-24 06:00,15227,1.0,908.0,"$1,966",516.0,12,"Bright 4-bedroom apartment on Liberty Ave, unit 105, close to buses, laundry in building, pets ok.",,4.7,20.0
L100283,2026-03-24 13:00,15219,3.0,555.0,"$1,356",1144.0,13,"Bright 4-bedroom apartment on Liberty Ave, unit 145, close to buses, laundry in building, cats only.",,4.5,13.0
L100284,2026-03-24 20:00,15206,1.0,1190.0,"$1,557",493.0,12,"Bright 3-bedroom apartment on Penn Ave, unit 244, close to buses, laundry in building, cats only.",,4.1,22.0
L100285,2026-03-25 03:00,15208,1.0,527.0,"$1,768",4345.0,14,"Bright 3-bedroom apartment on Liberty Ave, unit 101, close to buses, laundry in building, pets ok.",,3.7,18.0
L100286,2026-03-25 10:00,15222,1.0,914.0,"$1,065",4439.0,10,"Bright 3-bedroom apartment on Liberty Ave, unit 181, close to buses, laundry in building, no pets.",,3.5,22.0
L100287,2026-03-25 17:00,15222,2.0,884.0,"$1,764",3455.0,11,"Bright 3-bedroom apartment on Penn Ave, unit 297, close to buses, laundry in building, cats only.",300.0,4.1,17.0
L100288,2026-03-26 00:00,15226,2.0,587.0,"$1,688",9819.0,13,"Bright 3-bedroom apartment on Murray Ave, unit 287, close to buses, laundry in building, no pets.",,3.6,13.0
L100289,2026-03-26 07:00,15233,1.0,1072.0,"$1,469",6433.0,11,"Bright 3-bedroom apartment on Forbes Ave, unit 191, close to buses, laundry in building, cats only.",300.0,4.1,20.0
L100290,2026-03-26 14:00,15210,2.0,496.0,"$1,666",2713.0,17,"Bright 4-bedroom apartment on Murray Ave, unit 298, close to buses, laundry in building, pets ok.",200.0,4.1,23.0
L100291,2026-03-26 21:00,15201,1.0,679.0,"$1,205",3833.0,14,"Bright 1-bedroom apartment on Liberty Ave, unit 374, close to buses, laundry in building, cats only.",200.0,4.3,17.0
L100292,2026-03-27 04:00,15226,2.0,843.0,$625,4172.0,10,"Bright 4-bedroom apartment on Craig St, unit 275, close to buses, laundry in building, no pets.",,4.6,22.0
L100293,2026-03-27 11:00,15206,2.0,747.0,"$1,394",10596.0,14,"Bright 4-bedroom apartment on Penn Ave, unit 84, close to buses, laundry in building, pets ok.",,4.2,16.0
L100294,2026-03-27 18:00,15206,2.0,967.0,"$1,143",8165.0,11,"Bright 4-bedroom apartment on Liberty Ave, unit 212, close to buses, laundry in building, no pets.",,4.4,18.0
L100295,2026-03-28 01:00,15224,3.0,1081.0,"$1,855",3583.0,9,"Bright 3-bedroom apartment on Craig St, unit 23, close to buses, laundry in building, cats only.",,4.1,26.0
L100296,2026-03-28 08:00,15203,4.0,777.0,"$1,613",4217.0,19,"Bright 1-bedroom apartment on Forbes Ave, unit 75, close to buses, laundry in building, no pets.",,4.6,20.0
L100297,2026-03-28 15:00,15208,0.0,715.0,"$1,295",1367.0,13,"Bright 4-bedroom apartment on Liberty Ave, unit 157, close to buses, laundry in building, pets ok.",,4.5,15.0
L100298,2026-03-28 22:00,15224,1.0,721.0,"$1,526",3154.0,13,"Bright 1-bedroom apartment on Forbes Ave, unit 239, close to buses, laundry in building, cats only.",200.0,4.8,22.0
L100299,2026-03-29 05:00,15222,0.0,759.0,"$2,048",4282.0,18,"Bright 4-bedroom apartment on Walnut St, unit 121, close to buses, laundry in building, pets ok.",200.0,4.7,20.0
L100003,2026-01-01 21:00,15201,1.0,986.0,"$1,464",2307.0,8,"Bright 2-bedroom apartment on Penn Ave, unit 171, close to buses, laundry in building, cats only.",200.0,4.5,25.0
L100004,2026-01-02 04:00,15206,2.0,456.0,"$1,162",919.0,20,"Bright 2-bedroom apartment on Liberty Ave, unit 14, close to buses, laundry in building, pets ok.",,3.9,16.0
L100005,2026-01-02 11:00,15223,3.0,85000.0,"$1,845",452.0,13,"Bright 3-bedroom apartment on Penn Ave, unit 196, close to buses, laundry in building, no pets.",,4.7,27.0
